Timestamp,label
2026-09-29 19:33:32.144346100,unity:session_start
2026-09-29 19:33:32.546583800,unity:sequence_start
2026-09-29 19:33:32.553853400,unity:rest_start
2026-09-29 19:33:38.545725800,unity:gesture_show
2026-09-29 19:33:38.555131300,unity:countdown_3
2026-09-29 19:33:39.353682800,unity:countdown_2
2026-09-29 19:33:40.355747500,unity:countdown_1
2026-09-29 19:33:41.427644900,unity:hold_start
2026-09-29 19:33:44.431315200,unity:rest_start
2026-09-29 19:33:49.422588600,unity:gesture_show
2026-09-29 19:33:49.471376,unity:countdown_3
2026-09-29 19:33:50.503209600,unity:countdown_2
2026-09-29 19:33:51.691896900,unity:countdown_1
2026-09-29 19:33:52.698813300,unity:hold_start
2026-09-29 19:33:55.439151,unity:rest_start
2026-09-29 19:34:00.490244200,unity:gesture_show
2026-09-29 19:34:00.810578500,unity:countdown_3
2026-09-29 19:34:01.854026700,unity:countdown_2
2026-09-29 19:34:02.925145200,unity:countdown_1
2026-09-29 19:34:03.765879800,unity:hold_start
2026-09-29 19:34:06.521182500,unity:rest_start
2026-09-29 19:34:11.512642700,unity:gesture_show
2026-09-29 19:34:11.591231400,unity:countdown_3
2026-09-29 19:34:12.888287400,unity:countdown_2
2026-09-29 19:34:13.638390200,unity:countdown_1
2026-09-29 19:34:14.500831600,unity:hold_start
2026-09-29 19:34:17.637340,unity:rest_start
2026-09-29 19:34:22.591786300,unity:gesture_show
2026-09-29 19:34:22.679005500,unity:countdown_3
2026-09-29 19:34:23.529867900,unity:countdown_2
2026-09-29 19:34:24.622993,unity:countdown_1
2026-09-29 19:34:25.659253,unity:hold_start
2026-09-29 19:34:28.622639500,unity:rest_start
2026-09-29 19:34:33.576498800,unity:gesture_show
2026-09-29 19:34:33.580369800,unity:countdown_3
2026-09-29 19:34:34.695452600,unity:countdown_2
2026-09-29 19:34:35.666000800,unity:countdown_1
2026-09-29 19:34:36.733570400,unity:hold_start
2026-09-29 19:34:39.608500300,unity:rest_start
2026-09-29 19:34:44.675912500,unity:gesture_show
2026-09-29 19:34:44.946887,unity:countdown_3
2026-09-29 19:34:45.681390700,unity:countdown_2
2026-09-29 19:34:46.746175400,unity:countdown_1
2026-09-29 19:34:47.732960400,unity:hold_start
2026-09-29 19:34:50.799274,unity:rest_start
2026-09-29 19:34:55.818667300,unity:gesture_show
2026-09-29 19:34:55.979995400,unity:countdown_3
2026-09-29 19:34:56.811366400,unity:countdown_2
2026-09-29 19:34:57.756601,unity:countdown_1
2026-09-29 19:34:58.803914600,unity:hold_start
2026-09-29 19:35:01.723156400,unity:rest_start
2026-09-29 19:35:06.896485700,unity:gesture_show
2026-09-29 19:35:07.114477700,unity:countdown_3
2026-09-29 19:35:07.844357900,unity:countdown_2
2026-09-29 19:35:09.118911400,unity:countdown_1
2026-09-29 19:35:10.023921600,unity:hold_start
2026-09-29 19:35:12.737921400,unity:rest_start
2026-09-29 19:35:17.741776900,unity:gesture_show
2026-09-29 19:35:17.750285500,unity:countdown_3
2026-09-29 19:35:19.048924500,unity:countdown_2
2026-09-29 19:35:19.763796400,unity:countdown_1
2026-09-29 19:35:20.880848200,unity:hold_start
2026-09-29 19:35:23.858843,unity:rest_start
2026-09-29 19:35:28.972039800,unity:gesture_show
2026-09-29 19:35:29.263729200,unity:countdown_3
2026-09-29 19:35:29.894576,unity:countdown_2
2026-09-29 19:35:30.901025100,unity:countdown_1
2026-09-29 19:35:31.880488700,unity:hold_start
2026-09-29 19:35:34.933472700,unity:rest_start
2026-09-29 19:35:39.842018400,unity:gesture_show
2026-09-29 19:35:39.933298800,unity:countdown_3
2026-09-29 19:35:40.986686600,unity:countdown_2
2026-09-29 19:35:41.859604700,unity:countdown_1
2026-09-29 19:35:43.196723900,unity:hold_start
2026-09-29 19:35:45.851077500,unity:rest_start
2026-09-29 19:35:50.862273700,unity:gesture_show
2026-09-29 19:35:50.864716400,unity:countdown_3
2026-09-29 19:35:52.029440100,unity:countdown_2
2026-09-29 19:35:52.918926800,unity:countdown_1
2026-09-29 19:35:53.926496200,unity:hold_start
2026-09-29 19:35:56.948304100,unity:rest_start
2026-09-29 19:36:01.924670100,unity:gesture_show
2026-09-29 19:36:01.928012200,unity:countdown_3
2026-09-29 19:36:02.970715400,unity:countdown_2
2026-09-29 19:36:03.975086400,unity:countdown_1
2026-09-29 19:36:05.368083200,unity:hold_start
2026-09-29 19:36:07.992804700,unity:rest_start
2026-09-29 19:36:13.172342400,unity:gesture_show
2026-09-29 19:36:13.267399,unity:countdown_3
2026-09-29 19:36:14.056770100,unity:countdown_2
2026-09-29 19:36:15.149919,unity:countdown_1
2026-09-29 19:36:16.404466800,unity:hold_start
2026-09-29 19:36:19.120253900,unity:rest_start
2026-09-29 19:36:24.042450,unity:gesture_show
2026-09-29 19:36:24.293059900,unity:countdown_3
2026-09-29 19:36:25.429272400,unity:countdown_2
2026-09-29 19:36:26.505715700,unity:countdown_1
2026-09-29 19:36:27.197733700,unity:hold_start
2026-09-29 19:36:30.055940400,unity:rest_start
2026-09-29 19:36:35.071348400,unity:gesture_show
2026-09-29 19:36:35.077278400,unity:countdown_3
2026-09-29 19:36:36.145504300,unity:countdown_2
2026-09-29 19:36:37.097670200,unity:countdown_1
2026-09-29 19:36:38.194638300,unity:hold_start
2026-09-29 19:36:41.151476,unity:rest_start
2026-09-29 19:36:46.142655600,unity:gesture_show
2026-09-29 19:36:46.147348600,unity:countdown_3
2026-09-29 19:36:47.181352800,unity:countdown_2
2026-09-29 19:36:48.400081600,unity:countdown_1
2026-09-29 19:36:49.301521100,unity:hold_start
2026-09-29 19:36:52.251175100,unity:rest_start
2026-09-29 19:36:57.195937200,unity:gesture_show
2026-09-29 19:36:57.300030500,unity:countdown_3
2026-09-29 19:36:58.207061700,unity:countdown_2
2026-09-29 19:36:59.316417900,unity:countdown_1
2026-09-29 19:37:00.453831200,unity:hold_start
2026-09-29 19:37:03.334911800,unity:rest_start
2026-09-29 19:37:08.356215600,unity:gesture_show
2026-09-29 19:37:08.538792500,unity:countdown_3
2026-09-29 19:37:09.235712500,unity:countdown_2
2026-09-29 19:37:10.455969100,unity:countdown_1
2026-09-29 19:37:11.727452300,unity:hold_start
2026-09-29 19:37:14.404017500,unity:rest_start
2026-09-29 19:37:19.349553800,unity:rest_start
2026-09-29 19:37:19.407686800,unity:sequence_end
